year,month,logcpi,logip,ff,gs1,gs2,cm5yr,cm10yr,cm5f5,ebp,mortg_spread_m,cp3m_spread_m,ff_exp1yr
1979,7,429.0459,394.3341,10.47,9.64,9.14,8.897619,8.95,9.002381,-.223953,2.14,.5150003,
1979,8,430.0003,393.6755,10.94,9.98,9.46,9.0604348,9.0295652,8.998695,-.317488,2.06,.7849998,
1979,9,430.9456,393.8156,11.43,10.84,10.06,9.4084211,9.3347368,9.261053,-.089456,1.97,1.255,
1979,10,432.0151,394.3526,13.77,12.44,11.49,10.627727,10.299091,9.970454,-.912158,1.34,1.415,
1979,11,433.0733,394.2521,13.18,12.39,11.81,10.925263,10.653158,10.38105,-.166222,2.18,1.665,
1979,12,434.2506,394.3225,13.78,11.98,11.39,10.4155,10.386,10.3565,.127869,2.509999,1.085,
1980,1,435.6709,394.7512,13.82,12.06,11.5,10.743636,10.802273,10.86091,-.102562,2.08,.9250001,
1980,2,436.9448,394.8297,14.13,13.92,13.42,12.596316,12.414737,12.23316,-.584882,.6300001,.8050002,
1980,3,438.3276,394.5222,17.19,15.82,14.88,13.469524,12.749048,12.02857,.256076,2.53,1.495,
1980,4,439.3214,392.4821,17.61,13.3,12.5,11.84381,11.473333,11.10286,-.731175,4.86,2.465,
1980,5,440.3054,389.9928,10.98,9.39,9.45,9.9457143,10.181429,10.41714,.024596,4.08,.795,
1980,6,441.2798,388.7642,9.47,8.16,8.73,9.2114286,9.7780952,10.34476,-.089556,2.93,1.085001,
1980,7,441.401,388.1019,9.03,8.65,9.03,9.5286364,10.247727,10.96682,.09304,1.94,.2349996,
1980,8,442.1247,388.3893,9.61,10.24,10.53,10.839048,11.101905,11.36476,-.041169,1.46,.3249997,
1980,9,442.9626,389.9868,10.87,11.52,11.57,11.618095,11.508571,11.39905,-.073297,1.69,.585,
1980,10,443.9116,391.2341,12.81,12.49,12.09,11.861364,11.751364,11.64136,-.297335,2.04,.7850007,
1980,11,444.9685,392.9452,15.85,14.15,13.51,12.834706,12.684706,12.53471,.26447,1.53,1.335001,
1980,12,445.8988,393.5349,18.9,14.88,14.08,13.247273,12.844091,12.44091,-.103086,1.95,2.465,
1981,1,446.8204,392.9798,19.08,14.08,13.26,12.770476,12.568571,12.36667,.324857,2.33,1.445,
1981,2,447.7337,392.5141,15.93,14.57,13.92,13.412222,13.194444,12.97667,.103979,1.940001,.585,
1981,3,448.4132,393.0321,14.7,13.71,13.57,13.408182,13.115909,12.82364,-.035855,2.28,.4650001,
1981,4,448.9759,392.6028,15.72,14.32,14.15,13.990952,13.679524,13.3681,.501343,1.9,.755001,
1981,5,449.6471,393.2151,18.52,16.2,15.46,14.625,14.0995,13.574,.263799,2.299999,1.145,
1981,6,450.535,393.6755,19.1,14.86,14.51,13.953182,13.472273,12.99136,.424592,3.23,1.475,
1981,7,451.6339,394.302,19.04,15.72,15.35,14.79,14.280909,13.77182,.412094,2.55,1.935,
1981,8,452.396,394.295,17.82,16.72,16.28,15.56381,14.937143,14.31048,.239638,2.350001,1.605,
1981,9,453.3674,393.6595,15.87,16.52,16.46,15.93,15.32381,14.71762,.396551,2.84,1.275001,
1981,10,453.6891,392.9584,15.08,15.38,15.54,15.406667,15.148095,14.88952,.57229,3.300001,1.195001,
1981,11,454.1165,391.8488,13.31,12.41,12.88,13.375556,13.392778,13.41,.160274,4.44,1.185,
1981,12,454.4358,390.7376,12.37,12.85,13.29,13.600455,13.724545,13.84864,.545328,3.2,1.155,
1982,1,454.7541,388.7501,13.22,14.32,14.57,14.6455,14.594,14.5425,.756894,2.809999,.6950006,
1982,2,455.0714,390.6884,14.78,14.73,14.82,14.540556,14.425556,14.31056,.453381,3.17,.9350004,
1982,3,455.0714,389.9463,14.68,13.95,14.19,13.977391,13.861304,13.74522,.908091,3.3,1.005,
1982,4,455.3877,389.0759,14.94,13.98,14.2,14.00381,13.871905,13.74,.69748,3.02,1.245001,
1982,5,456.3306,388.457,14.45,13.34,13.78,13.754,13.6225,13.491,.712093,3.06,1.215,
1982,6,457.4711,388.1209,14.15,14.07,14.47,14.426364,14.299545,14.17273,.642981,2.400001,1.375,
1982,7,457.9852,387.8044,12.59,13.24,13.8,14.067143,13.94619,13.82524,.613466,2.87,1.474999,
1982,8,458.1902,386.9698,10.12,11.43,12.32,12.998182,13.055,13.11182,-.113349,3.21,1.355,
1982,9,458.1902,386.6297,10.31,10.85,11.78,12.248095,12.339048,12.43,.476664,3.09,2.325,
1982,10,458.5987,385.766,9.71,9.32,10.19,10.7995,10.9065,11.0135,.125427,3.7,1.375,
1982,11,458.4967,385.3745,9.2,9.16,9.8,10.381579,10.550526,10.71947,.499413,3.28,.5050001,
1982,12,458.1902,384.6451,8.95,8.91,9.66,10.222273,10.54,10.85773,.697482,3.08,.4550003,
1983,1,458.3947,386.542,8.68,8.62,9.33,10.025714,10.457143,10.88857,.328926,2.79,.1950001,
1983,2,458.4967,385.9379,8.51,8.92,9.64,10.257368,10.724737,11.19211,.267022,2.32,.1150007,
1983,3,458.5987,386.7701,8.77,9.04,9.66,10.083478,10.506522,10.92957,.215837,2.29,.0550002,8.361013
1983,4,459.3098,387.9783,8.8,8.98,9.57,10.0215,10.4,10.7785,.119112,2.38,.2049999,8.394558
1983,5,459.7138,388.6617,8.63,8.9,9.49,10.034286,10.38,10.72571,-.081389,2.25,.0250005,8.560946
1983,6,459.9152,389.2026,8.98,9.66,10.18,10.628182,10.848636,11.06909,.087245,2.02,.0950002,9.005487
1983,7,460.3168,390.7107,9.37,10.2,10.69,11.209,11.377,11.545,-.075867,2.04,.0550002,9.336581
1983,8,460.617,391.7938,9.56,10.53,11.07,11.626087,11.846087,12.06609,-.177673,1.96,.085,9.468156
1983,9,460.9162,393.3054,9.45,10.16,10.79,11.43,11.65381,11.87762,-.047112,2.08,.1249999,9.220732
1983,10,461.3138,394.1108,9.48,9.81,10.57,11.278,11.541,11.804,-.06537,2,.2349996,9.182439
1983,11,461.611,394.4186,9.34,9.94,10.66,11.408947,11.69,11.97105,.047045,1.75,.2250003,9.275873
1983,12,461.9073,394.9284,9.47,10.11,10.84,11.544762,11.829524,12.11429,.129582,1.59,.4149999,9.5175
1984,1,462.5953,396.9331,9.56,9.9,10.64,11.368571,11.674286,11.98,.057239,1.7,.1850004,9.42375
1984,2,463.0838,397.4271,9.59,10.04,10.79,11.538421,11.842105,12.14579,-.050522,1.389999,.1149997,9.645529
1984,3,463.3758,397.8902,9.91,10.59,11.31,12.021364,12.319091,12.61682,.030465,1.070001,.1949996,10.16482
1984,4,463.7637,398.5056,10.29,10.9,11.69,12.3715,12.6335,12.8955,.147306,1.02,.3750009,10.62408
1984,5,463.9572,398.9998,10.32,11.66,12.47,13.172727,13.408636,13.64455,-.285679,.5299997,.7049999,11.1518
1984,6,464.1502,399.3539,11.06,12.08,12.91,13.476667,13.562857,13.64905,-.006005,.8599997,.9949998,11.49875
1984,7,464.5352,399.684,11.23,12.03,12.88,13.274762,13.362381,13.45,-.120269,1.31,.9549999,11.76699
1984,8,464.823,399.7602,11.64,11.82,12.43,12.684783,12.716087,12.74739,.221358,1.75,.5950002,11.79399
1984,9,465.1099,399.6007,11.3,11.58,12.2,12.532105,12.522632,12.51316,-.017891,1.83,.5550002,11.74875
1984,10,465.4912,399.4657,9.99,10.9,11.6,12.060909,12.160455,12.26,-.233755,1.97,.2650003,10.83407
1984,11,465.6813,399.8443,9.43,9.82,10.65,11.325263,11.572632,11.82,-.067831,2.070001,.3050002,10.10791
1984,12,465.8711,399.9486,8.38,9.33,10.18,11.0695,11.4995,11.9295,.001616,1.68,.2649993,9.227777
1985,1,466.0605,399.7064,8.35,9.02,9.93,10.932381,11.384286,11.83619,-.074955,1.7,.1549997,8.938925
1985,2,466.6265,400.132,8.5,9.29,10.17,11.131111,11.508889,11.88667,-.095078,1.41,.1549997,9.008245
1985,3,467.0958,400.2525,8.58,9.86,10.71,11.520476,11.855238,12.19,.138643,1.31,.2649993,9.197251
1985,4,467.2829,400.0103,8.27,9.14,10.09,11.006667,11.434762,11.86286,-.029021,1.77,.3050002,8.731902
1985,5,467.4696,400.1366,7.97,8.46,9.39,10.335909,10.846818,11.35773,-.194037,2.059999,.2350001,8.304227
1985,6,467.7491,400.2067,7.53,7.8,8.69,9.599,10.156,10.713,.212439,2.06,.2850003,7.904533
1985,7,467.935,399.5114,7.88,7.86,8.77,9.7,10.306818,10.91364,.134211,1.719999,.3650002,7.971657
1985,8,468.1205,399.9523,7.9,8.05,8.94,9.8095455,10.331818,10.85409,.146921,1.86,.4650001,7.969779
1985,9,468.3057,400.375,7.92,8.07,8.98,9.81,10.373158,10.93632,.250984,1.82,.6150002,7.958222
1985,10,468.675,399.9734,7.99,8.01,8.86,9.6886364,10.236818,10.785,.294745,1.900001,.5250005,8.023813
1985,11,469.1348,400.3154,8.05,7.88,8.58,9.2752632,9.7815789,10.2879,.29036,2,.4150004,7.870319
1985,12,469.5925,401.3395,8.27,7.67,8.15,8.7285714,9.2590476,9.789524,.032192,2,.5350003,7.760906
1986,1,469.9571,401.8288,8.14,7.73,8.14,8.6833333,9.1938095,9.704286,.338187,1.690001,.525,7.867182
1986,2,469.7749,401.0961,7.86,7.61,7.97,8.3357895,8.7042105,9.072632,-.28549,2.01,.4550003,7.877512
1986,3,469.2265,400.4648,7.48,7.03,7.21,7.46,7.7785,8.097,.58569,2.3,.525,7.387186
1986,4,468.8592,400.5333,6.99,6.44,6.7,7.0536364,7.2990909,7.544546,.54437,2.639999,.4250001,7.020638
1986,5,469.1348,400.708,6.85,6.65,7.07,7.5247619,7.7095238,7.894286,.030158,2.43,.355,6.960495
1986,6,469.5011,400.386,6.92,6.73,7.18,7.637619,7.7995238,7.961429,.022068,2.88,.3850002,6.884524
1986,7,469.5925,401.0294,6.56,6.27,6.67,7.0627273,7.3031818,7.543636,.773264,3.21,.3850002,6.517311
1986,8,469.6837,400.8137,6.17,5.93,6.33,6.802381,7.1657143,7.529047,.70852,3.03,.275,6.128381
1986,9,470.048,400.9872,5.89,5.77,6.35,6.9190476,7.447619,7.976191,.314005,2.56,.355,6.058384
1986,10,470.2297,401.4457,5.85,5.72,6.28,6.8322727,7.4263636,8.020454,.545463,2.54,.3850002,5.958682
1986,11,470.411,401.9075,6.04,5.8,6.28,6.755,7.2505556,7.746111,.669255,2.45,.2950005,5.803674
1986,12,470.7727,402.7786,6.91,5.87,6.27,6.6690909,7.1127273,7.556364,.699041,2.2,.4549999,5.885326
1987,1,471.3127,402.4543,6.43,5.78,6.23,6.635,7.0845,7.534,.554116,2.12,.2950005,5.967
1987,2,471.6712,403.7386,6.1,5.96,6.4,6.7921053,7.2505263,7.708947,.630779,1.83,.3450002,6.131075
1987,3,472.0283,403.8953,6.13,6.03,6.42,6.7931818,7.2486364,7.704091,.518992,1.79,.4549999,6.229204
1987,4,472.4729,404.4934,6.37,6.5,7.02,7.5742857,8.0228571,8.471429,-.384307,1.809999,.6950001,6.391521
1987,5,472.7388,405.175,6.85,7,7.76,8.2595,8.613,8.9665,.259175,1.990001,1.155,6.78332
1987,6,473.1803,405.699,6.73,6.8,7.57,8.0163636,8.4022727,8.788182,.244076,2.14,1.135,6.892
1987,7,473.4442,406.338,6.58,6.68,7.44,8.0081818,8.4468182,8.885454,.484995,1.83,.8450002,6.931528
1987,8,473.8827,407.0586,6.73,7.03,7.75,8.3228571,8.7604762,9.198095,.469987,1.57,.5550002,6.899856
1987,9,474.232,407.324,7.22,7.67,8.34,8.9428571,9.4219048,9.900952,.492706,1.47,.855,7.277841
1987,10,474.4932,408.8293,7.29,7.59,8.4,9.08,9.52,9.96,-.843692,1.74,1.645,7.060545
1987,11,474.8404,409.3584,6.69,6.96,7.69,8.3473684,8.8605263,9.373684,.264651,1.79,1.365,6.747029
1987,12,475.0136,409.8235,6.77,7.17,7.86,8.4513636,8.9877273,9.524091,.006715,1.66,1.725,6.874583
1988,1,475.359,409.8669,6.83,6.99,7.63,8.1778947,8.6657895,9.153685,-.181428,1.76,.9450001,6.862772
1988,2,475.5313,410.2716,6.58,6.64,7.18,7.7125,8.212,8.7115,.228407,1.68,.8050002,6.765491
1988,3,475.7891,410.508,6.58,6.71,7.27,7.833913,8.3734783,8.913043,-.04841,1.56,.8050002,6.872944
1988,4,476.3882,411.038,6.87,7.01,7.59,8.194,8.7185,9.243,.001875,1.48,.8350005,7.177296
1988,5,476.6438,410.9517,7.09,7.4,8,8.582381,9.0890476,9.595715,.049413,1.37,.815,7.38965
1988,6,477.0685,411.1965,7.51,7.49,8.03,8.4868182,8.9213636,9.355909,.093573,1.54,.9149999,7.676856
1988,7,477.4913,411.3269,7.75,7.75,8.28,8.655,9.056,9.457,-.230565,1.37,.9750003,7.932704
1988,8,477.9124,411.747,8.01,8.17,8.63,8.9365217,9.2604348,9.584348,-.014694,1.34,1.085001,8.274182
1988,9,478.3316,411.4033,8.19,8.09,8.46,8.6928571,8.9771429,9.261429,.146262,1.5,.8150005,8.3125
1988,10,478.6658,411.9257,8.3,8.11,8.35,8.5125,8.7955,9.0785,.236986,1.5,.775,8.269252
1988,11,478.9989,412.0978,8.35,8.48,8.67,8.7865,8.9625,9.1385,.101988,1.31,.7849998,8.323898
1988,12,479.3308,412.5323,8.76,8.99,9.09,9.0928571,9.1057143,9.118571,.23073,1.5,.9250001,8.739636
1989,1,479.7442,412.79,9.12,9.05,9.18,9.1485,9.0915,9.0345,.138146,1.639999,.6549997,8.839334
1989,2,480.0737,412.3722,9.36,9.25,9.37,9.2705263,9.1689474,9.067369,-.00409,1.48,.7250003,8.990914
1989,3,480.5659,412.6536,9.85,9.57,9.68,9.5140909,9.3577273,9.201364,.280599,1.67,1.015,9.58368
1989,4,481.2997,412.6931,9.84,9.36,9.45,9.295,9.1755,9.056,.50671,1.87,1.045001,9.43414
1989,5,481.7859,412.023,9.81,8.98,9.02,8.9095455,8.8590909,8.808637,.227865,1.910001,.9250001,9.160741
1989,6,482.1088,412.0848,9.53,8.44,8.41,8.2922727,8.2772727,8.262273,.408043,1.92,.8450002,8.653977
1989,7,482.4306,411.1171,9.24,7.89,7.82,7.8265,8.0185,8.2105,.641174,1.86,.6850004,8.446241
1989,8,482.4306,411.9796,8.99,8.18,8.14,8.0895652,8.1126087,8.135653,.352247,1.88,.5549998,8.329474
1989,9,482.6712,411.7239,9.02,8.22,8.28,8.1745,8.1905,8.2065,.373951,1.940001,.835,8.337704
1989,10,483.1509,411.616,8.84,7.99,7.98,7.9661905,8.007619,8.049047,.274534,1.94,.775,8.235172
1989,11,483.5488,411.918,8.55,7.77,7.8,7.8109524,7.8742857,7.937619,.463822,1.900001,.5450005,8.010597
1989,12,483.866,412.5047,8.45,7.72,7.78,7.7465,7.836,7.9255,.406334,1.9,.545,7.903888
1990,1,484.8116,411.8969,8.23,7.92,8.09,8.1195238,8.2066667,8.29381,.121781,1.69,.3450007,7.885314
1990,2,485.203,412.8269,8.24,8.11,8.37,8.4247368,8.4731579,8.521579,.241804,1.73,.2850007,7.976337
1990,3,485.6707,413.3629,8.28,8.35,8.63,8.6004545,8.5886364,8.576818,.349573,1.68,.2649998,8.052461
1990,4,485.9037,413.2314,8.26,8.4,8.72,8.768,8.7855,8.803,-.029281,1.58,.4150004,8.129068
1990,5,486.0587,413.4243,8.18,8.32,8.64,8.7359091,8.7581818,8.780455,-.071917,1.719999,.3950004,8.103958
1990,6,486.6765,413.7447,8.29,8.1,8.35,8.4304762,8.48,8.529524,.035864,1.68,.2950005,7.934663
1990,7,487.1373,413.5995,8.15,7.94,8.16,8.3309524,8.4714286,8.611905,.006528,1.57,.2550001,7.823613
1990,8,487.9767,413.8833,8.13,7.78,8.06,8.4365217,8.7526087,9.068696,-.269673,1.35,.3150005,7.505022
1990,9,488.6583,414.0822,8.2,7.76,8.08,8.5136842,8.8931579,9.272632,-.051052,1.29,.4850001,7.436941
1990,10,489.3352,413.3222,8.11,7.55,7.88,8.3277273,8.7195455,9.111363,.099413,1.46,.6950001,7.375253
1990,11,489.5598,412.1024,7.81,7.31,7.6,8.0225,8.392,8.761499,.258542,1.62,.7350001,7.172953
1990,12,489.9331,411.4036,7.31,7.05,7.31,7.7265,8.075,8.4235,.192606,1.59,.9450006,6.620313
1991,1,490.305,410.9627,6.91,6.64,7.13,7.7,8.0928571,8.485714,.22076,1.55,.7650003,6.371739
1991,2,490.3792,410.319,6.25,6.27,6.87,7.4726316,7.8547368,8.236842,.139982,1.52,.4349999,6.198341
1991,3,490.3792,409.7978,6.12,6.4,7.1,7.772,8.11,8.448,.095124,1.39,.3850002,6.049326
1991,4,490.6015,409.9621,5.91,6.24,6.95,7.7009091,8.0390909,8.377273,.092676,1.45,.3050002,6.006395
1991,5,490.9709,410.9627,5.78,6.13,6.78,7.7013636,8.0677273,8.434091,.106881,1.400001,.3450002,5.879275
1991,6,491.2655,411.9382,5.9,6.36,6.96,7.937,8.284,8.631,.033201,1.34,.4250001,5.923968
1991,7,491.4124,411.912,5.82,6.31,6.92,7.9113636,8.2727273,8.63409,.115509,1.309999,.3550004,5.967457
1991,8,491.7057,412.0612,5.66,5.78,6.43,7.425,7.9,8.375,.074946,1.34,.275,5.691246
1991,9,491.9981,412.929,5.45,5.57,6.18,7.136,7.65,8.164001,.088652,1.36,.2350006,5.317796
1991,10,492.144,412.7101,5.21,5.33,5.91,6.8713636,7.5272727,8.183182,.086014,1.329999,.2450003,5.251558
1991,11,492.5804,412.6021,4.81,4.89,5.56,6.6178947,7.4173684,8.216842,.095896,1.29,.3050002,4.858361
1991,12,492.8702,412.2368,4.43,4.38,5.03,6.1861905,7.0885714,7.990952,.02729,1.41,.4250001,4.196397
1992,1,492.9425,411.6077,4.03,4.15,4.96,6.2428571,7.032381,7.821905,-.038977,1.4,.1550004,4.06096
1992,2,493.1592,412.3853,4.06,4.29,5.21,6.5778947,7.3378947,8.097895,-.013052,1.42,.1550004,4.172689
1992,3,493.5193,413.1774,3.98,4.63,5.69,6.9454545,7.5422727,8.139091,-.03771,1.4,.1450004,4.271148
1992,4,493.7347,413.8881,3.73,4.3,5.34,6.7842857,7.4804762,8.176667,-.01459,1.37,.1750001,4.117424
1992,5,493.9497,414.2433,3.82,4.19,5.23,6.6925,7.392,8.0915,-.096207,1.28,.1350002,4.143621
1992,6,494.2357,414.2374,3.76,4.17,5.05,6.4827273,7.2618182,8.040909,-.148848,1.25,.1450002,4.142188
1992,7,494.5208,415.0985,3.25,3.6,4.36,5.8368182,6.8445455,7.852273,-.233425,1.29,.1150002,3.566844
1992,8,494.734,414.5967,3.3,3.47,4.19,5.5961905,6.5857143,7.575238,-.063198,1.39,.1350002,3.562861
1992,9,494.9469,414.8119,3.22,3.18,3.89,5.38,6.4152381,7.450476,.010572,1.5,.2150001,3.211039
1992,10,495.3712,415.5916,3.1,3.3,4.08,5.6004762,6.5890476,7.577619,.000714,1.5,.3550002,3.293936
1992,11,495.6531,416.0084,3.09,3.68,4.58,6.0378947,6.8731579,7.708421,.050682,1.440001,.4150001,3.369639
1992,12,495.7938,416.0321,2.92,3.71,4.67,6.0759091,6.77,7.464091,.082522,1.45,.3350002,3.40051
1993,1,496.1445,416.525,3.02,3.5,4.39,5.8336842,6.6,7.366316,.03413,1.420001,.1350002,3.398881
1993,2,496.3544,416.8922,3.03,3.39,4.1,5.4289474,6.2589474,7.088947,-.011742,1.42,.1350002,3.285161
1993,3,496.494,416.8546,3.07,3.33,3.95,5.1947826,5.9752174,6.755652,.000532,1.52,.1050002,3.25525
1993,4,496.8423,417.1552,2.96,3.24,3.84,5.1328571,5.9695238,6.80619,.005023,1.5,.1550004,3.280909
1993,5,497.1201,416.8035,3,3.36,3.98,5.198,6.0355,6.873,-.010239,1.43,.0650002,3.355333
1993,6,497.1895,417.0112,3.04,3.54,4.16,5.2168182,5.9627273,6.708636,-.092369,1.46,.0650002,3.369583
1993,7,497.3279,417.3179,3.06,3.47,4.07,5.0909524,5.8052381,6.519524,-.098521,1.4,.0450003,3.392444
1993,8,497.5353,417.2778,3.03,3.44,4,5.025,5.6777273,6.330454,-.126471,1.43,.0450003,3.299102
1993,9,497.6734,417.7493,3.09,3.36,3.85,4.7347619,5.36,5.985238,-.038514,1.56,.0950002,3.217553
1993,10,498.0863,418.4828,2.99,3.39,3.87,4.707,5.334,5.961,-.111725,1.5,.1250002,3.219667
1993,11,498.3607,418.8867,3.02,3.58,4.16,5.063,5.724,6.385,-.169558,1.44,.1850004,3.278
1993,12,498.5659,419.3894,2.96,3.61,4.21,5.1468182,5.7740909,6.401364,-.200074,1.4,.1850001,3.3015
1994,1,498.5659,419.7906,3.05,3.54,4.14,5.087,5.7505,6.414,-.269455,1.31,.0950002,3.327144
1994,2,498.839,419.8418,3.25,3.87,4.47,5.3952632,5.9731579,6.551053,-.459178,1.18,.1250002,3.58189
1994,3,499.1113,420.8644,3.34,4.32,5,5.9413043,6.4826087,7.023913,-.350492,1.2,.2350001,3.836704
1994,4,499.1792,421.3944,3.56,4.82,5.55,6.5242105,6.9721053,7.42,-.320025,1.35,.2550003,4.203666
1994,5,499.3828,421.942,4.01,5.31,5.97,6.78,7.1833333,7.586667,-.319522,1.420001,.3150005,4.487397
1994,6,499.6536,422.6045,4.25,5.27,5.93,6.6954545,7.1013636,7.507273,-.36392,1.3,.3150005,4.661848
1994,7,499.9911,422.7623,4.26,5.48,6.13,6.9095,7.298,7.6865,-.323668,1.309999,.3050002,4.821352
1994,8,500.3946,423.3295,4.47,5.56,6.18,6.8778261,7.236087,7.594348,-.296783,1.27,.2450003,5.059163
1994,9,500.5958,423.6468,4.73,5.76,6.39,7.0833333,7.4571429,7.830952,-.42854,1.18,.2850003,5.342197
1994,10,500.6627,424.516,4.76,6.11,6.73,7.403,7.744,8.085,-.326659,1.190001,.4450006,5.624531
1994,11,500.9301,425.1532,5.29,6.54,7.15,7.7175,7.955,8.1925,-.30399,1.21,.4050002,5.992881
1994,12,501.1302,426.1916,5.45,7.14,7.59,7.7761905,7.8138095,7.851429,-.253074,1.39,.5450005,6.429081
1995,1,501.3963,426.3864,5.53,7.05,7.51,7.756,7.7795,7.803,-.273132,1.369999,.3949999,6.467095
1995,2,501.6617,426.3228,5.92,6.7,7.11,7.3657895,7.4694737,7.573158,-.327196,1.36,.2650003,6.377916
1995,3,501.8604,426.4824,5.98,6.43,6.78,7.0473913,7.2047826,7.362174,-.329607,1.26,.3050002,6.348687
1995,4,502.2564,426.4395,6.05,6.27,6.57,6.86,7.0626316,7.265263,-.259701,1.26,.355,6.239611
1995,5,502.4538,426.7027,6.01,6,6.17,6.4145455,6.6327273,6.850909,-.401863,1.33,.275,6.109767
1995,6,502.6508,427.0672,6,5.64,5.72,5.9286364,6.1681818,6.407727,-.187211,1.4,.3550004,5.565625
1995,7,502.782,426.6815,5.85,5.59,5.78,6.0085,6.278,6.5475,-.346603,1.33,.2550001,5.500748
1995,8,502.9784,427.9903,5.74,5.75,5.98,6.243913,6.4882609,6.732609,-.248873,1.37,.3050002,5.486945
1995,9,503.1091,428.3589,5.8,5.62,5.81,6.0015,6.1975,6.3935,-.207413,1.44,.3449997,5.538265
1995,10,503.3701,428.1811,5.76,5.59,5.7,5.8628571,6.0447619,6.226666,-.178842,1.44,.4250001,5.454834
1995,11,503.5003,428.4396,5.8,5.43,5.48,5.6942857,5.9304762,6.166667,-.095936,1.45,.2649998,5.372
1995,12,503.6303,428.8258,5.6,5.31,5.32,5.5135,5.7115,5.9095,-.087709,1.49,.3850002,5.17449
1996,1,504.1488,428.1644,5.56,5.09,5.11,5.362381,5.652381,5.942381,-.116741,1.38,.2850003,5.068458
1996,2,504.3425,429.747,5.22,4.94,5.03,5.3795,5.8055,6.2315,-.330019,1.27,.2050003,4.919714
1996,3,504.6646,429.5916,5.31,5.34,5.66,5.9661905,6.2685714,6.570952,-.340443,1.35,.2350001,5.028598
1996,4,505.0497,430.4256,5.22,5.54,5.96,6.3009091,6.5113636,6.721818,-.294273,1.42,.3250002,5.164944
1996,5,505.2417,431.1198,5.24,5.64,6.1,6.4831818,6.7368182,6.990455,-.327362,1.33,.2550001,5.220153
1996,6,505.4333,432.0053,5.27,5.81,6.3,6.6895,6.912,7.1345,-.303977,1.41,.2849998,5.412755
1996,7,505.6246,431.873,5.4,5.85,6.27,6.6359091,6.8654545,7.095,-.373247,1.38,.2650003,5.521122
1996,8,505.7519,432.5219,5.22,5.67,6.03,6.3890909,6.6354545,6.881818,-.436534,1.36,.2550001,5.441871
1996,9,506.0695,433.0516,5.3,5.83,6.23,6.597,6.832,7.067,-.424425,1.4,.315,5.474713
1996,10,506.386,433.0558,5.24,5.55,5.91,6.2704545,6.5336364,6.796818,-.381406,1.39,.3250002,5.39557
1996,11,506.7016,433.8742,5.31,5.42,5.7,5.9731579,6.2036842,6.434211,-.349662,1.42,.2649998,5.286143
1996,12,506.9533,434.5137,5.29,5.47,5.78,6.0680952,6.302381,6.536667,-.442943,1.3,.4850006,5.290816
1997,1,507.1417,434.627,5.25,5.61,6.01,6.3333333,6.5790476,6.824762,-.350262,1.24,.3049998,5.333718
1997,2,507.3297,435.8319,5.19,5.53,5.9,6.1989474,6.4194737,6.64,-.485871,1.23,.2849999,5.338194
1997,3,507.3923,436.5974,5.39,5.8,6.22,6.537,6.6945,6.852,-.512084,1.21,.2950002,5.665662
1997,4,507.4549,436.6422,5.51,5.99,6.45,6.7590909,6.8854545,7.011818,-.438469,1.25,.4400002,5.790185
1997,5,507.4549,437.3299,5.5,5.87,6.28,6.567619,6.7109524,6.854286,-.436481,1.23,.5399999,5.719468
1997,6,507.6423,437.7813,5.56,5.69,6.09,6.3752381,6.4938095,6.612381,-.50729,1.2,.6250003,5.678192
1997,7,507.7671,438.3895,5.52,5.54,5.89,6.1209091,6.2204545,6.32,-.525862,1.28,.44,5.648085
1997,8,508.0161,439.7059,5.54,5.56,5.94,6.16,6.2985714,6.437143,-.501028,1.18,.3400002,5.654965
1997,9,508.2646,440.5731,5.54,5.52,5.88,6.1061905,6.2085714,6.310952,-.599141,1.22,.5300003,5.664583
1997,10,508.4505,441.2547,5.5,5.46,5.77,5.9281818,6.0295455,6.130909,-.47386,1.26,.5400003,5.669514
1997,11,508.5743,442.1395,5.52,5.46,5.71,5.8038889,5.875,5.946111,-.396917,1.33,.4600002,5.575993
1997,12,508.6361,442.4941,5.5,5.53,5.72,5.7731818,5.8086364,5.844091,-.453156,1.29,.5100002,5.504445
1998,1,508.7596,442.9876,5.56,5.24,5.36,5.416,5.5445,5.673,-.374018,1.45,.3800001,5.43301
1998,2,508.7596,443.0764,5.51,5.31,5.42,5.4926316,5.5747368,5.656842,-.353293,1.47,.3299999,5.422957
1998,3,508.7596,443.1419,5.49,5.39,5.56,5.6118182,5.6472727,5.682727,-.402522,1.48,.4299998,5.426182
1998,4,508.883,443.5221,5.45,5.38,5.56,5.6119048,5.637619,5.663333,-.476149,1.5,.5100002,5.425
1998,5,509.1293,444.1902,5.49,5.44,5.59,5.628,5.6525,5.677,-.435831,1.49,.48,5.465996
1998,6,509.2523,443.6049,5.56,5.41,5.52,5.5240909,5.4963636,5.468637,-.421874,1.5,.5,5.44948
1998,7,509.4977,443.179,5.54,5.36,5.46,5.4613636,5.4613636,5.461364,-.385605,1.49,.52,4.035514
1998,8,509.6201,445.2782,5.55,5.21,5.27,5.2747619,5.3419048,5.409048,-.040715,1.58,.58,5.388595
1998,9,509.6813,444.9563,5.51,4.71,4.67,4.6238095,4.8066667,4.989524,-.103384,1.91,.6999999,5.111667
1998,10,509.9257,445.7471,5.07,4.12,4.09,4.1842857,4.53,4.875714,.000441,2.18,1.08,4.542543
1998,11,510.0476,445.6595,4.83,4.53,4.54,4.5373684,4.8273684,5.117368,.02907,2.04,.6500002,4.514548
1998,12,510.2303,446.0135,4.68,4.52,4.51,4.45,4.645,4.84,-.106692,2.07,.6100002,4.507979
1999,1,510.4126,446.4603,4.63,4.51,4.62,4.6005263,4.7221053,4.843684,-.124938,2.07,.4299999,4.570561
1999,2,510.4126,446.893,4.76,4.7,4.88,4.9147368,4.9989474,5.083158,-.352341,1.81,.35,4.703714
1999,3,510.4733,447.1072,4.81,4.78,5.05,5.1404348,5.2326087,5.324782,-.275318,1.81,.37,4.725
1999,4,511.1385,447.338,4.74,4.69,4.98,5.0795455,5.1845455,5.289546,-.279516,1.74,.5000001,4.737639
1999,5,511.1988,448.078,4.74,4.85,5.25,5.437,5.5395,5.642,-.279658,1.61,.3100001,4.832979
1999,6,511.1988,447.8864,4.76,5.1,5.62,5.8090909,5.8995455,5.99,-.213867,1.65,.4099998,5.096465
1999,7,511.6196,448.5621,4.99,5.03,5.55,5.6785714,5.7919048,5.905238,-.148228,1.84,.5599999,5.138958
1999,8,511.8593,448.9807,5.07,5.2,5.68,5.8413636,5.9390909,6.036818,-.147479,2,.5300003,5.229025
1999,9,512.2773,448.7011,5.22,5.25,5.66,5.8019048,5.9152381,6.028572,-.004159,1.9,.6400002,5.326365
1999,10,512.4559,449.9721,5.2,5.43,5.86,6.0335,6.112,6.1905,-.040454,1.74,1.02,5.465379
1999,11,512.6342,450.4709,5.42,5.55,5.86,5.969,6.034,6.099,-.078502,1.71,.7399999,5.585486
1999,12,512.8715,451.2643,5.3,5.84,6.1,6.1863636,6.2754545,6.364545,-.312901,1.63,.6700003,5.784575
2000,1,513.1672,451.3419,5.45,6.12,6.44,6.5795,6.661,6.7425,-.12087,1.55,.4199999,6.001281
2000,2,513.5798,451.7194,5.73,6.22,6.61,6.678,6.5195,6.361,-.10413,1.81,.3199999,6.182503
2000,3,514.1664,452.1182,5.85,6.22,6.53,6.503913,6.2565217,6.00913,.153359,1.98,.31,6.366689
2000,4,514.1078,452.7427,6.02,6.15,6.4,6.2626316,5.9905263,5.718421,.329846,2.16,.4500002,6.482311
2000,5,514.2833,452.8928,6.27,6.33,6.81,6.6877273,6.4404545,6.193182,.498835,2.08,.7500001,6.803242
2000,6,514.8657,452.9504,6.53,6.17,6.48,6.3009091,6.0972727,5.893636,.54953,2.19,.88,6.777113
2000,7,515.1556,452.7191,6.54,6.08,6.34,6.179,6.054,5.929,.607972,2.099999,.56,6.708723
2000,8,515.1556,452.4523,6.5,6.18,6.23,6.0608696,5.826087,5.591304,.76418,2.2,.3999999,6.575548
2000,9,515.6754,452.9374,6.52,6.13,6.08,5.9345,5.799,5.6635,.816644,2.11,.47,6.518478
2000,10,515.848,452.4865,6.51,6.01,5.91,5.7828571,5.7385714,5.694286,1.252061,2.06,.3999999,6.462754
2000,11,516.0204,452.4742,6.51,6.09,5.88,5.697619,5.7171429,5.736667,1.288705,2.03,.33,6.388116
2000,12,516.2498,452.1549,6.4,5.6,5.35,5.168,5.2405,5.313,1.360387,2.14,.5700001,5.998682
2001,1,516.8209,451.4333,5.98,4.81,4.76,4.8585714,5.1609524,5.463333,.9097,1.87,.34,5.321197
2001,2,517.0484,450.8291,5.49,4.68,4.66,4.8863158,5.0989474,5.311579,.935115,1.95,.2599999,4.930202
2001,3,517.1052,450.5573,5.31,4.3,4.34,4.6427273,4.8854545,5.128182,.973143,2.06,.36,4.430419
2001,4,517.2754,450.2787,4.8,3.98,4.23,4.7635,5.141,5.5185,.772219,1.94,.5700002,4.109996
2001,5,517.7843,449.5496,4.21,3.78,4.26,4.9277273,5.3913636,5.855,.686657,1.76,.3100002,3.8464
2001,6,518.0096,448.879,3.97,3.58,4.08,4.8071429,5.2842857,5.761428,.976032,1.88,.18,3.588315
2001,7,517.8407,448.4373,3.77,3.62,4.04,4.7619048,5.2361905,5.710476,.563165,1.89,.08,3.573085
2001,8,517.8407,448.1802,3.65,3.47,3.76,4.573913,4.9713043,5.368696,.60858,1.98,.0600002,3.473478
2001,9,518.2345,447.8535,3.07,2.82,3.12,4.1152941,4.7317647,5.348235,.998345,2.09,.17,2.481628
2001,10,517.9534,447.3623,2.49,2.33,2.73,3.91,4.5668182,5.223636,.865248,2.05,.1199999,2.346409
2001,11,517.897,446.8214,2.09,2.18,2.78,3.9725,4.6515,5.3305,-.427836,2.01,.1,2.143732
2001,12,517.8407,446.8461,1.82,2.22,3.11,4.3895,5.0875,5.7855,.359763,1.98,.09,1.97949
2002,1,518.0096,447.4606,1.73,2.16,3.03,4.34,5.0357143,5.731429,.500767,1.96,.0500001,2.100399
2002,2,518.1783,447.4206,1.74,2.23,3.02,4.2984211,4.9115789,5.524737,.71221,1.98,.06,2.190374
2002,3,518.4589,448.1587,1.73,2.57,3.56,4.738,5.284,5.83,.266711,1.73,.0700001,2.43877
2002,4,518.9061,448.5763,1.75,2.48,3.42,4.6468182,5.2109091,5.775,.385478,1.78,.09,2.532854
2002,5,519.0175,449.091,1.75,2.35,3.26,4.4945455,5.1645455,5.834546,.414249,1.65,.05,2.564531
2002,6,519.0732,450.0637,1.75,2.2,2.99,4.186,4.9265,5.667,.751762,1.72,.06,2.393929
2002,7,519.2957,449.7277,1.73,1.96,2.56,3.8072727,4.6531818,5.499091,1.168366,1.84,.0700001,2.164948
2002,8,519.5731,449.8651,1.74,1.76,2.13,3.2945455,4.2572727,5.22,1.19177,2.03,.08,2.04559
2002,9,519.7391,449.9171,1.75,1.72,2,2.938,3.87,4.802,1.305279,2.22,.09,1.987031
2002,10,519.9601,449.5853,1.75,1.65,1.91,2.945,3.9409091,4.936818,1.110808,2.17,.12,1.909878
2002,11,520.1255,450.1314,1.34,1.49,1.92,3.0547368,4.0484211,5.042105,.784568,2.02,.13,1.550944
2002,12,520.2907,449.6793,1.24,1.45,1.84,3.0333333,4.032381,5.031429,.661981,2.02,.12,1.528298
2003,1,520.7298,450.3762,1.24,1.36,1.74,3.052381,4.0485714,5.044762,.589204,1.87,.0900001,1.492563
2003,2,521.2759,450.7451,1.26,1.3,1.63,2.8978947,3.9026316,4.907368,.394674,1.94,.0900001,1.495378
2003,3,521.4392,450.5461,1.25,1.24,1.57,2.7838095,3.8071429,4.830476,-.153522,1.94,.0600001,1.40438
2003,4,521.0579,449.7249,1.26,1.27,1.62,2.9285714,3.9585714,4.988571,-.138374,1.85,.0700001,1.443165
2003,5,520.894,449.7112,1.26,1.18,1.42,2.5157143,3.5690476,4.622381,-.854259,1.91,.12,1.299447
2003,6,521.0032,449.7197,1.22,1.01,1.23,2.2657143,3.3342857,4.402857,-.561209,1.9,.09,1.106383
2003,7,521.3304,450.0717,1.01,1.12,1.47,2.8722727,3.9754545,5.078636,-1.32735,1.65,.1100001,1.103864
2003,8,521.765,449.9524,1.03,1.31,1.86,3.37,4.4452381,5.520476,-.225067,1.81,.0900001,1.153723
2003,9,522.0896,450.5585,1.01,1.24,1.71,3.1847619,4.2742857,5.36381,-.694795,1.88,.1000001,1.167766
2003,10,521.9815,450.5222,1.01,1.25,1.75,3.1859091,4.2904545,5.395,-.543412,1.66,.13,1.218528
2003,11,522.0356,451.2759,1,1.34,1.93,3.2872222,4.3,5.312778,-.540053,1.63,.1300001,1.277872
2003,12,522.3055,451.1935,.98,1.31,1.91,3.2686364,4.2677273,5.266818,-.49322,1.61,.1500001,1.323152
2004,1,522.7358,451.4847,1,1.24,1.76,3.1215,4.1505,5.1795,-.711418,1.59,.1300001,1.366438
2004,2,522.9503,452.0488,1.01,1.24,1.74,3.0678947,4.0842105,5.100526,-.286728,1.56,.08,1.366056
2004,3,523.1643,451.5114,1,1.19,1.58,2.7869565,3.8265217,4.866087,-.533865,1.62,.0600001,1.245267
2004,4,523.3245,451.918,1,1.43,2.07,3.3895238,4.347619,5.305714,-.740573,1.48,.11,1.509727
2004,5,523.7505,452.6421,1,1.78,2.53,3.8505,4.7155,5.5805,-.323436,1.55,.0500001,1.806241
2004,6,524.1218,451.8477,1.03,2.12,2.76,3.9290476,4.7338095,5.538571,-.333673,1.56,.0700001,2.039294
2004,7,524.2276,452.628,1.26,2.1,2.64,3.6885714,4.4980952,5.307619,-.306482,1.56,.17,2.240254
2004,8,524.2805,452.8055,1.43,2.02,2.51,3.4745455,4.2813636,5.088182,-.461368,1.59,.14,2.343641
2004,9,524.5971,452.8458,1.61,2.12,2.53,3.3552381,4.1257143,4.896191,-.598777,1.62,.1000001,2.479545
2004,10,525.1226,453.7961,1.76,2.23,2.58,3.3475,4.097,4.8465,-.574809,1.62,.1900001,2.556833
2004,11,525.5931,453.9955,1.93,2.5,2.85,3.525,4.194,4.863,-.701047,1.54,.1100001,2.77029
2004,12,525.5931,454.6688,2.16,2.67,3.01,3.5981818,4.2309091,4.863636,-.85373,1.52,.15,2.978138
2005,1,525.541,455.0793,2.28,2.86,3.22,3.707,4.2215,4.736,-.806862,1.49,.2000001,3.174432
2005,2,525.9576,455.7046,2.5,3.03,3.38,3.7663158,4.1652632,4.56421,-1.09208,1.46,.1350001,3.289939
2005,3,526.3208,455.6424,2.63,3.3,3.73,4.1654545,4.4977273,4.83,-.730689,1.43,.08,3.492654
2005,4,526.631,455.7303,2.79,3.32,3.65,3.9985714,4.3409524,4.683333,-.53511,1.52,.1900001,3.630369
2005,5,526.5794,455.9126,3,3.33,3.64,3.8528571,4.1442857,4.435714,-.386019,1.58,.2500001,3.719716
2005,6,526.631,456.3306,3.04,3.36,3.64,3.7722727,3.9981818,4.224091,-.564386,1.58,.3,3.79535
2005,7,527.2487,456.1933,3.26,3.64,3.87,3.979,4.1775,4.376,-.653742,1.52,.25,3.947398
2005,8,527.8625,456.3185,3.5,3.87,4.04,4.1221739,4.2626087,4.403043,-.721005,1.56,.2,4.15165
2005,9,529.2299,454.3458,3.62,3.85,3.95,4.0061905,4.1990476,4.391905,-.555723,1.57,.3,4.23405
2005,10,529.3807,455.5812,3.78,4.18,4.27,4.3285,4.4635,4.5985,-.455134,1.61,.3,4.44551
2005,11,528.8772,456.5519,4,4.33,4.42,4.4525,4.535,4.6175,-.386568,1.79,.3499999,4.542533
2005,12,528.8772,457.1202,4.16,4.35,4.4,4.392381,4.4671429,4.541905,-.394374,1.8,.4466666,4.6628
2006,1,529.4811,457.2172,4.29,4.45,4.4,4.3455,4.416,4.4865,-.457407,1.73,.2033336,4.701985
2006,2,529.5313,457.2976,4.49,4.68,4.67,4.5721053,4.5689474,4.56579,-.348597,1.68,.1200002,4.822774
2006,3,529.6816,457.5475,4.59,4.77,4.73,4.716087,4.723913,4.731739,-.515825,1.6,.2499998,4.93175
2006,4,530.1812,457.9338,4.79,4.9,4.89,4.9021053,4.9905263,5.078948,-.529815,1.52,.2700002,5.027798
2006,5,530.4796,457.8226,4.94,5,4.97,4.9977273,5.11,5.222273,-.400727,1.49,.2900003,5.115274
2006,6,530.7277,458.207,4.99,5.16,5.12,5.0672727,5.1063636,5.145454,-.449069,1.57,.5000001,5.325671
2006,7,531.2713,458.2554,5.24,5.22,5.12,5.04,5.0875,5.135,-.378634,1.67,.3000003,5.351861
2006,8,531.7139,458.4621,5.25,5.08,4.9,4.8221739,4.8765217,4.93087,-.423245,1.64,.25,5.250617
2006,9,531.222,458.3303,5.25,4.97,4.77,4.6675,4.719,4.7705,-.522988,1.68,.4000001,5.14015
2006,10,530.7772,458.2364,5.25,5.01,4.8,4.6866667,4.7290476,4.771429,-.540093,1.63,.27,5.135449
2006,11,530.8268,458.1201,5.25,5.01,4.74,4.582381,4.5952381,4.608095,-.52448,1.64,.23,5.100433
2006,12,531.3699,459.139,5.24,4.94,4.67,4.533,4.5645,4.596,-.661607,1.58,.3400002,5.070196
2007,1,531.5356,458.6607,5.25,5.06,4.88,4.7528571,4.7595238,4.766191,-.678331,1.46,.19,5.094819
2007,2,531.9227,459.7701,5.26,5.05,4.85,4.7105263,4.7226316,4.734737,-.735689,1.57,.1499999,5.129028
2007,3,532.4414,459.8443,5.26,4.92,4.57,4.4809091,4.5645455,4.648182,-.48584,1.6,.26,5.09655
2007,4,532.741,460.5682,5.25,4.93,4.67,4.5933333,4.6938095,4.794286,-.485028,1.49,.3300002,5.097024
2007,5,533.1534,460.6279,5.25,4.91,4.77,4.6672727,4.7463636,4.825455,-.736344,1.51,.46,5.100235
2007,6,533.3848,460.6328,5.25,4.96,4.98,5.0261905,5.1028571,5.179524,-.495324,1.56,.6199999,5.194123
2007,7,533.5627,460.6604,5.26,4.96,4.82,4.8847619,5.0042857,5.123809,-.084556,1.7,.3999999,5.223629
2007,8,533.5936,460.7866,5.02,4.47,4.31,4.4321739,4.6747826,4.917391,.082753,1.9,1.05,4.867065
2007,9,534.0164,461.2293,4.94,4.14,4.01,4.1989474,4.5215789,4.844211,-.001109,1.86,1.03,4.456094
2007,10,534.3243,460.7391,4.76,4.1,3.97,4.1981818,4.5277273,4.857273,-.081753,1.85,.7299999,4.372336
2007,11,535.1071,461.3191,4.49,3.5,3.34,3.667,4.1485,4.63,.214839,2.06,1.15,4.115704
2007,12,535.3965,461.3337,4.24,3.26,3.12,3.4875,4.0975,4.7075,.385475,2,1.23,3.841383
2008,1,535.7407,461.0136,3.94,2.71,2.48,2.9804762,3.7442857,4.508095,.67884,2.02,.5,2.81353
2008,2,535.9822,460.8174,2.98,2.05,1.97,2.779,3.7375,4.696,.848258,2.18,.6000001,2.489976
2008,3,536.3393,460.5248,2.61,1.54,1.62,2.4835,3.51,4.5365,1.091471,2.46,1.09,1.91392
2008,4,536.5705,459.7413,2.28,1.74,2.05,2.8413636,3.675,4.508636,.59478,2.24,.7,1.953101
2008,5,537.1605,459.2745,1.98,2.06,2.45,3.1533333,3.88,4.606667,.628826,2.16,.27,2.041653
2008,6,538.2029,459.0705,2,2.42,2.77,3.4852381,4.0995238,4.713809,.704856,2.22,.35,2.151957
2008,7,538.9145,458.6173,2.01,2.28,2.57,3.3031818,4.0077273,4.712273,1.056176,2.42,.55,2.163048
2008,8,538.7655,457.0016,2,2.18,2.42,3.1419048,3.8857143,4.629524,1.150368,2.59,.36,2.183863
2008,9,538.851,452.6987,1.81,1.91,2.08,2.8842857,3.6861905,4.488095,1.494335,2.35,1,2.014389
2008,10,537.9874,453.523,.97,1.42,1.61,2.7263636,3.8140909,4.901818,2.970945,2.39,1.4,1.101337
2008,11,536.201,452.3573,.39,1.07,1.21,2.2916667,3.5266667,4.761667,2.001412,2.56,1.26,.8150758
2008,12,535.3743,449.4944,.16,.49,.82,1.5218182,2.4163636,3.310909,2.23929,2.91,.94,.2141033
2009,1,535.636,447.2188,.15,.44,.81,1.5965,2.5175,3.4385,2.176283,2.54,.18,.1949247
2009,2,536.0461,446.576,.22,.62,.98,1.8715789,2.87,3.868421,2.601959,2.26,.18,.2185756
2009,3,535.905,445.028,.18,.64,.93,1.8159091,2.8195455,3.823182,2.132363,2.18,.16,.2109728
2009,4,535.9681,444.1865,.15,.55,.93,1.8580952,2.9271429,3.996191,1.926129,1.88,.12,.2281483
2009,5,536.1283,443.1611,.18,.5,.93,2.134,3.293,4.452,.983595,1.57,.05,.2478328
2009,6,536.9666,442.7922,.21,.51,1.18,2.7059091,3.7218182,4.737727,.632751,1.7,.08,.2732292
2009,7,536.9335,443.6534,.16,.48,1.02,2.4627273,3.5622727,4.661818,.07803,1.66,.1,.2978168
2009,8,537.2692,444.7011,.16,.46,1.12,2.5709524,3.5871429,4.603333,-.228104,1.6,.07,.3295024
2009,9,537.4723,445.3803,.15,.4,.96,2.3690476,3.4019048,4.434762,-.144004,1.66,.07,.3016489
2009,10,537.7507,445.6938,.12,.37,.95,2.3328571,3.387619,4.442381,-.348584,1.56,.12,.3559397
2009,11,538.0657,446.1755,.12,.31,.8,2.2305263,3.4026316,4.574737,-.151492,1.48,.1,.3575898
2009,12,538.1578,446.6409,.12,.37,.87,2.3404545,3.59,4.839545,-.569734,1.34,.11,.3946939
2010,1,538.2098,447.6927,.11,.35,.93,2.4842105,3.7331579,4.982105,-.229574,1.3,.07,.4396217
2010,2,538.1537,448.0764,.13,.35,.86,2.3636842,3.6910526,5.018421,.036577,1.3,.04,.4974932
2010,3,538.1647,448.8305,.16,.4,.96,2.4330435,3.7273913,5.021739,-.093996,1.24,.05,.4697196
2010,4,538.1191,449.1636,.2,.45,1.06,2.5813636,3.8468182,5.112273,-.227013,1.25,.07,.5582252
2010,5,538.0956,450.7286,.2,.37,.83,2.18,3.42,4.66,-.177303,1.47,.12,.4792186
2010,6,538.1412,450.9478,.18,.32,.72,1.9963636,3.2040909,4.411818,-.040396,1.54,.2,.3795163
2010,7,538.3072,451.531,.18,.29,.62,1.7628571,3.0114286,4.26,.16767,1.55,.11,.3375217
2010,8,538.4587,451.7967,.19,.26,.52,1.4654545,2.6986364,3.931818,-.489363,1.73,.09,.2839096
2010,9,538.5957,452.0515,.19,.26,.48,1.4104762,2.647619,3.884762,-.085991,1.7,.09,.2454063
2010,10,538.9053,451.7087,.19,.23,.38,1.1825,2.54,3.8975,-.035421,1.69,.1,.2360595
2010,11,539.122,451.9781,.19,.25,.45,1.35,2.763,4.176,-.155059,1.54,.09,.2312046
2010,12,539.5753,452.9611,.18,.29,.62,1.9345455,3.2909091,4.647273,-.403172,1.42,.09,.2286458
2011,1,539.8466,452.8384,.17,.27,.61,1.9945,3.394,4.7935,.081907,1.37,.09,.2480315
2011,2,540.2263,452.3687,.16,.29,.77,2.2578947,3.5763158,4.894737,-.217003,1.37,.1,.2827877
2011,3,540.7647,453.3821,.14,.26,.7,2.1134783,3.4143478,4.715218,-.250326,1.43,.13,.2923779
2011,4,541.1106,452.8035,.1,.25,.73,2.169,3.455,4.741,-.216373,1.38,.14,.3326585
2011,5,541.4976,453.1659,.09,.19,.56,1.842381,3.1685714,4.494762,-.084545,1.47,.12,.3547948
2011,6,541.6412,453.3431,.09,.18,.41,1.58,3.0022727,4.424545,.081981,1.51,.11,.3185592
2011,7,541.8737,453.9124,.07,.19,.41,1.541,3.003,4.465,-.020915,1.55,.1,.2887281
2011,8,542.1362,454.4583,.1,.11,.23,1.0213043,2.3030435,3.584783,-.250424,1.97,.14,.1441168
2011,9,542.3861,454.5649,.08,.1,.21,.90047619,1.9752381,3.05,.289268,2.13,.13,.1353397
2011,10,542.3751,455.1214,.07,.11,.28,1.0615,2.152,3.2425,-.306556,1.92,.13,.1316123
2011,11,542.5166,455.3454,.08,.11,.25,.908,2.0135,3.119,.382049,1.98,.13,.1318263
2011,12,542.5554,455.9377,.07,.12,.26,.89142857,1.9780952,3.064762,.10295,1.98,.13,.122293
2012,1,542.7612,456.6387,.08,.12,.24,.835,1.9665,3.098,.030121,1.95,.11,.120271
2012,2,543.0455,457.1274,.1,.16,.28,.831,1.9675,3.104,-.121284,1.92,.08,.1238258
2012,3,543.3503,456.5798,.13,.19,.34,1.0172727,2.1727273,3.328182,-.529989,1.78,.1,.1361039
2012,4,543.3508,457.3238,.14,.18,.29,.8947619,2.0528571,3.210952,-.367213,1.86,.12,.1347271
2012,5,543.2184,457.5785,.16,.19,.29,.76181818,1.8031818,2.844545,-.350847,2,.1,.147393
2012,6,543.339,457.6073,.16,.19,.29,.71142857,1.622381,2.533333,-.067985,2.06,.12,.1516341
